global_cluster3_ccf1_oni,global_cluster3_ccf2_oni
-0.10916859056376,-0.0939559676381464
0.0681481728955222,0.0249472590520423
0.0890283544330895,0.0153698490700654
-0.260886451675408,-0.0777082398685621
-0.318144698817009,-0.321099820446048
0.484559649214874,-0.452092127721484
0.543850193161504,0.098633012447186
-0.299030375448923,-0.0833546818232412
-0.162839937532267,0.0741292208971646
0.10659010132969,0.194716905503606
-0.0169598168585071,0.152644933921011
